{
  "episode": 3,
  "global_step": 237,
  "update_step": 0,
  "epsilon": 0.992495,
  "avg_loss": 0.0,
  "train_reward": -286.1531959930036,
  "train_lines": 4.0,
  "train_steps": 48.0,
  "ma_reward": -1521.1447354679606,
  "ma_lines": 6.666666666666667,
  "ma_steps": 79.0,
  "teacher_hits": 33,
  "teacher_prob": 0.6986206896551723,
  "heuristic_weight": 0.9971387696709585,
  "opponent_action_interval_ms": 420,
  "opponent_mistake_chance": 0.5499747931868034,
  "trap_chance": 0.0,
  "replay_size": 237,
  "progress": 0.0016680567139282735,
  "elapsed_sec": 10.481494188308716,
  "interrupted": true
}