{
  "episode": 610,
  "global_step": 53487,
  "update_step": 45490,
  "epsilon": 0.8306245,
  "avg_loss": 0.1744445264339447,
  "train_reward": -0.01780666666666666,
  "train_raw_reward": -0.8903333333333331,
  "train_lines": 0.0,
  "train_steps": 1.0,
  "ma_reward": -339.64163080000003,
  "ma_lines": 1.76,
  "ma_steps": 59.92,
  "episode_updates": 1,
  "teacher_hits": 1,
  "teacher_prob": 0.6062781390695348,
  "heuristic_weight": 0.5937291527685123,
  "opponent_action_interval_ms": 420,
  "opponent_mistake_chance": 0.55,
  "garbage_scale": 0.0,
  "solo_phase": true,
  "trap_chance": 0.0,
  "replay_size": 18699,
  "progress": 0.0,
  "elapsed_sec": 4612.571196317673,
  "interrupted": true
}