{
  "episode": 200,
  "global_step": 18333,
  "update_step": 15334,
  "epsilon": 0.419455,
  "avg_loss": 9.176762898763021,
  "train_reward": -384.3054981561552,
  "train_lines": 5.0,
  "train_steps": 90.0,
  "ma_reward": 142.2136875396269,
  "ma_lines": 9.82,
  "ma_steps": 106.66,
  "teacher_hits": 47,
  "teacher_prob": 0.5627586206896551,
  "heuristic_weight": 0.7153075822603719,
  "opponent_action_interval_ms": 404,
  "opponent_mistake_chance": 0.5249820013912213,
  "trap_chance": 0.0,
  "replay_size": 18333,
  "progress": 0.16597164303586323,
  "elapsed_sec": 1778.110514163971,
  "eval_avg_reward": 9447.586458333335,
  "eval_avg_lines": 87.875,
  "eval_avg_steps": 351.75,
  "eval_clear_rate": 1.0,
  "is_best": true
}