{
  "episode": 7517,
  "global_step": 360930,
  "update_step": 351936,
  "epsilon": 0.05,
  "avg_loss": 0.050706136418739334,
  "train_reward": 17.689386666666667,
  "train_raw_reward": 884.4693333333335,
  "train_lines": 13.0,
  "train_steps": 56.0,
  "ma_reward": -32.65339244444444,
  "ma_lines": 10.86,
  "ma_steps": 62.8,
  "episode_updates": 56,
  "teacher_hits": 3,
  "teacher_prob": 0.050000000000000044,
  "heuristic_weight": 0.0,
  "opponent_action_interval_ms": 180,
  "opponent_mistake_chance": 0.18,
  "garbage_scale": 1.0,
  "solo_phase": false,
  "trap_chance": 0.35,
  "replay_size": 66674,
  "progress": 1.0,
  "elapsed_sec": 33268.02342391014,
  "interrupted": true
}