{
  "episode": 6193,
  "global_step": 294256,
  "update_step": 286761,
  "epsilon": 0.1117232,
  "avg_loss": 0.06643204800784588,
  "train_reward": -2.5524400000000003,
  "train_raw_reward": -127.622,
  "train_lines": 0.0,
  "train_steps": 5.0,
  "ma_reward": -77.01911702222223,
  "ma_lines": 2.28,
  "ma_steps": 31.98,
  "episode_updates": 5,
  "teacher_hits": 0,
  "teacher_prob": 0.050000000000000044,
  "heuristic_weight": 0.0,
  "opponent_action_interval_ms": 260,
  "opponent_mistake_chance": 0.28,
  "garbage_scale": 1.0,
  "solo_phase": false,
  "trap_chance": 0.35,
  "replay_size": 70439,
  "progress": 1.0,
  "elapsed_sec": 26470.91531276703,
  "interrupted": true
}